<?xml version="1.0" encoding="UTF-8"?><marytts-install xmlns="http://mary.dfki.de/installer">
    <voice locale="de" name="bits1-hsmm" gender="female" type="hsmm" version="5.1">
        <description>A female German hidden semi-Markov model voice, built from voice recordings provided by the BITS project at the Bavarian Archive of Speech Signals</description>
        <license href="http://mary.dfki.de/download/by-nd-3.0.html"/>
        <package md5sum="69aeb40bc27492d887f7d60bd8afc2aa" filename="voice-bits1-hsmm-5.1.zip" size="1360761">
            <location folder="true" href="http://mary.dfki.de/download/5.1/"/>
        </package>
        <depends language="de" version="5.1"/>
    </voice>
    <voice locale="de" name="bits3" gender="male" type="unit selection" version="5.1">
        <description>A male German unit selection voice, built from voice recordings provided by the BITS project at the Bavarian Archive of Speech Signals</description>
        <license href="http://mary.dfki.de/download/by-nd-3.0.html"/>
        <package md5sum="e11f0d1057dd80d5ab307eaf3c2a2e81" filename="voice-bits3-5.1.zip" size="278237075">
            <location folder="true" href="http://mary.dfki.de/download/5.1/"/>
        </package>
        <depends language="de" version="5.1"/>
    </voice>
    <voice locale="de" name="bits3-hsmm" gender="male" type="hsmm" version="5.1">
        <description>A male German hidden semi-Markov model voice, built from voice recordings provided by the BITS project at the Bavarian Archive of Speech Signals</description>
        <license href="http://mary.dfki.de/download/by-nd-3.0.html"/>
        <package md5sum="d535206d88da7f5b066a4624c321ee73" filename="voice-bits3-hsmm-5.1.zip" size="1557124">
            <location folder="true" href="http://mary.dfki.de/download/5.1/"/>
        </package>
        <depends language="de" version="5.1"/>
    </voice>
    <voice locale="de" name="dfki-pavoque-neutral" gender="male" type="unit selection" version="5.1">
        <description>A male German unit selection voice</description>
        <license href="http://mary.dfki.de/download/by-nd-3.0.html"/>
        <package md5sum="b2067addeb337de0e31c1e0057ccaf93" filename="voice-dfki-pavoque-neutral-5.1.zip" size="446054145">
            <location folder="true" href="http://mary.dfki.de/download/5.1/"/>
        </package>
        <depends language="de" version="5.1"/>
    </voice>
    <voice locale="de" name="dfki-pavoque-neutral-hsmm" gender="male" type="hsmm" version="5.1">
        <description>A male German hidden semi-Markov model voice</description>
        <license href="http://mary.dfki.de/download/by-nd-3.0.html"/>
        <package md5sum="c064426f03689cc0681514818495b347" filename="voice-dfki-pavoque-neutral-hsmm-5.1.zip" size="2835023">
            <location folder="true" href="http://mary.dfki.de/download/5.1/"/>
        </package>
        <depends language="de" version="5.1"/>
    </voice>
    <voice locale="de" name="dfki-pavoque-styles" gender="male" type="unit selection" version="5.1">
        <description>A male German unit selection voice with expressive styles "happy", "sad", "angry", and "poker"</description>
        <license href="http://mary.dfki.de/download/by-nd-3.0.html"/>
        <package md5sum="f497dd93f78fa4a2350adea1196ccd7a" filename="voice-dfki-pavoque-styles-5.1.zip" size="692113207">
            <location folder="true" href="http://mary.dfki.de/download/5.1/"/>
        </package>
        <depends language="de" version="5.1"/>
    </voice>
    <voice locale="en_GB" name="dfki-poppy" gender="female" type="unit selection" version="5.1">
        <description>A female British English expressive unit selection voice: Cheerful Poppy</description>
        <license href="http://mary.dfki.de/download/by-nd-3.0.html"/>
        <package md5sum="8a9bd4c4c888e99f8c367cdac614af9c" filename="voice-dfki-poppy-5.1.zip" size="99318417">
            <location folder="true" href="http://mary.dfki.de/download/5.1/"/>
        </package>
        <depends language="en-GB" version="5.1"/>
    </voice>
    <voice locale="en_GB" name="dfki-poppy-hsmm" gender="female" type="hsmm" version="5.1">
        <description>A female British English hidden semi-Markov model voice</description>
        <license href="http://mary.dfki.de/download/by-nd-3.0.html"/>
        <package md5sum="04f1b36ee7113b13e01d3b131c6af75f" filename="voice-dfki-poppy-hsmm-5.1.zip" size="1015901">
            <location folder="true" href="http://mary.dfki.de/download/5.1/"/>
        </package>
        <depends language="en-GB" version="5.1"/>
    </voice>
    <voice locale="en_GB" name="dfki-prudence" gender="female" type="unit selection" version="5.1">
        <description>A female British English expressive unit selection voice: Pragmatic Prudence</description>
        <license href="http://mary.dfki.de/download/by-nd-3.0.html"/>
        <package md5sum="7c81cbc736450219ea1597b217ea9b8f" filename="voice-dfki-prudence-5.1.zip" size="250841190">
            <location folder="true" href="http://mary.dfki.de/download/5.1/"/>
        </package>
        <depends language="en-GB" version="5.1"/>
    </voice>
    <voice locale="en_GB" name="dfki-prudence-hsmm" gender="female" type="hsmm" version="5.1">
        <description>A female British English hidden semi-Markov model voice</description>
        <license href="http://mary.dfki.de/download/by-nd-3.0.html"/>
        <package md5sum="87a27d0ae3eed71d1d34bd3337f06501" filename="voice-dfki-prudence-hsmm-5.1.zip" size="1560473">
            <location folder="true" href="http://mary.dfki.de/download/5.1/"/>
        </package>
        <depends language="en-GB" version="5.1"/>
    </voice>
    <voice locale="en_GB" name="dfki-obadiah" gender="male" type="unit selection" version="5.1">
        <description>A male British English expressive unit selection voice: Gloomy Obadiah</description>
        <license href="http://mary.dfki.de/download/by-nd-3.0.html"/>
        <package md5sum="dde06a7a4849b922bc45b123a5b7b504" filename="voice-dfki-obadiah-5.1.zip" size="146431509">
            <location folder="true" href="http://mary.dfki.de/download/5.1/"/>
        </package>
        <depends language="en-GB" version="5.1"/>
    </voice>
    <voice locale="en_GB" name="dfki-obadiah-hsmm" gender="male" type="hsmm" version="5.1">
        <description>A male British English hidden semi-Markov model voice</description>
        <license href="http://mary.dfki.de/download/by-nd-3.0.html"/>
        <package md5sum="eb9872af54a1f944f191b2b7237f8d25" filename="voice-dfki-obadiah-hsmm-5.1.zip" size="1216409">
            <location folder="true" href="http://mary.dfki.de/download/5.1/"/>
        </package>
        <depends language="en-GB" version="5.1"/>
    </voice>
    <voice locale="en_GB" name="dfki-spike" gender="male" type="unit selection" version="5.1">
        <description>A male British English expressive unit selection voice: Aggressive Spike</description>
        <license href="http://mary.dfki.de/download/by-nd-3.0.html"/>
        <package md5sum="f1161fd1da6306cc65d054cd8ff75f4e" filename="voice-dfki-spike-5.1.zip" size="136165028">
            <location folder="true" href="http://mary.dfki.de/download/5.1/"/>
        </package>
        <depends language="en-GB" version="5.1"/>
    </voice>
    <voice locale="en_GB" name="dfki-spike-hsmm" gender="male" type="hsmm" version="5.1">
        <description>A male British English hidden semi-Markov model voice</description>
        <license href="http://mary.dfki.de/download/by-nd-3.0.html"/>
        <package md5sum="a0bfd497423bf504dc3c985476b4e669" filename="voice-dfki-spike-hsmm-5.1.zip" size="1083544">
            <location folder="true" href="http://mary.dfki.de/download/5.1/"/>
        </package>
        <depends language="en-GB" version="5.1"/>
    </voice>
    <voice locale="en_US" name="cmu-slt" gender="female" type="unit selection" version="5.1">
        <description>A female US English unit selection voice, built from recordings provided by Carnegie Mellon University</description>
        <license href="http://mary.dfki.de/download/arctic-license.html"/>
        <package md5sum="0fe2293ba1f9a0e373b54d79f0a701cc" filename="voice-cmu-slt-5.1.zip" size="105909149">
            <location folder="true" href="http://mary.dfki.de/download/5.1/"/>
        </package>
        <depends language="en-US" version="5.1"/>
    </voice>
    <voice locale="en_US" name="cmu-bdl-hsmm" gender="male" type="hsmm" version="5.1">
        <description>A male US English hidden semi-Markov model voice, built from recordings provided by Carnegie Mellon University</description>
        <license href="http://mary.dfki.de/download/arctic-license.html"/>
        <package md5sum="b192a878fb782b48c2ea37deed769c28" filename="voice-cmu-bdl-hsmm-5.1.zip" size="1017477">
            <location folder="true" href="http://mary.dfki.de/download/5.1/"/>
        </package>
        <depends language="en-US" version="5.1"/>
    </voice>
    <voice locale="en_US" name="cmu-rms-hsmm" gender="male" type="hsmm" version="5.1">
        <description>A male US English hidden semi-Markov model voice, built from recordings provided by Carnegie Mellon University</description>
        <license href="http://mary.dfki.de/download/arctic-license.html"/>
        <package md5sum="fc06214cf245ecba0c2ddf437149bd89" filename="voice-cmu-rms-hsmm-5.1.zip" size="1028060">
            <location folder="true" href="http://mary.dfki.de/download/5.1/"/>
        </package>
        <depends language="en-US" version="5.1"/>
    </voice>
    <voice locale="fr" name="enst-camille" gender="female" type="unit selection" version="5.1">
        <description>A female French unit selection voice, built at Télécom ParisTech (ENST) using data recorded by Camille Dianoux</description>
        <license href="http://mary.dfki.de/download/by-sa-3.0.html"/>
        <package md5sum="ba18cb28526de107a9b6b8c76d5404ff" filename="voice-enst-camille-5.1.zip" size="183466604">
            <location folder="true" href="http://mary.dfki.de/download/5.1/"/>
        </package>
        <depends language="fr" version="5.1"/>
    </voice>
    <voice locale="fr" name="enst-camille-hsmm" gender="female" type="hsmm" version="5.1">
        <description>A female French hidden semi-Markov model voice, built at Télécom ParisTech (ENST) using data recorded by Camille Dianoux</description>
        <license href="http://mary.dfki.de/download/by-sa-3.0.html"/>
        <package md5sum="19cb43b7fed60b732aa1c2e0e86dff03" filename="voice-enst-camille-hsmm-5.1.zip" size="1518635">
            <location folder="true" href="http://mary.dfki.de/download/5.1/"/>
        </package>
        <depends language="fr" version="5.1"/>
    </voice>
    <voice locale="fr" name="upmc-jessica" gender="female" type="unit selection" version="5.1">
        <description>A female French unit selection voice, built at ISIR (UPMC) using data recorded by Jessica Durand</description>
        <license href="http://mary.dfki.de/download/by-sa-3.0.html"/>
        <package md5sum="ba2daa2a0c69164932ff833817fa4b0e" filename="voice-upmc-jessica-5.1.zip" size="126834351">
            <location folder="true" href="http://mary.dfki.de/download/5.1/"/>
        </package>
        <depends language="fr" version="5.1"/>
    </voice>
    <voice locale="fr" name="upmc-jessica-hsmm" gender="female" type="hsmm" version="5.1">
        <description>A female French hidden semi-Markov model voice, built at ISIR (UPMC) using data recorded by Jessica Durand</description>
        <license href="http://mary.dfki.de/download/by-sa-3.0.html"/>
        <package md5sum="0e95f86b9297f2c60fa6286432d20d84" filename="voice-upmc-jessica-hsmm-5.1.zip" size="1118972">
            <location folder="true" href="http://mary.dfki.de/download/5.1/"/>
        </package>
        <depends language="fr" version="5.1"/>
    </voice>
    <voice locale="fr" name="enst-dennys-hsmm" gender="male" type="hsmm" version="5.1">
        <description>A male Québécois French hidden semi-Markov model voice, built at Télécom ParisTech (ENST)</description>
        <license href="http://mary.dfki.de/download/by-nd-3.0.html"/>
        <package md5sum="ee95a5257ea4aba46591cfe7c4429d84" filename="voice-enst-dennys-hsmm-5.1.zip" size="1676376">
            <location folder="true" href="http://mary.dfki.de/download/5.1/"/>
        </package>
        <depends language="fr" version="5.1"/>
    </voice>
    <voice locale="fr" name="upmc-pierre" gender="male" type="unit selection" version="5.1">
        <description>A male French unit selection voice, built at ISIR (UPMC) using data recorded by Pierre Chauvin</description>
        <license href="http://mary.dfki.de/download/by-sa-3.0.html"/>
        <package md5sum="3120b9dadfb56046e86e64c124d1fa82" filename="voice-upmc-pierre-5.1.zip" size="171764059">
            <location folder="true" href="http://mary.dfki.de/download/5.1/"/>
        </package>
        <depends language="fr" version="5.1"/>
    </voice>
    <voice locale="fr" name="upmc-pierre-hsmm" gender="male" type="hsmm" version="5.1">
        <description>A male French hidden semi-Markov model voice, built at ISIR (UPMC) using data recorded by Pierre Chauvin</description>
        <license href="http://mary.dfki.de/download/by-sa-3.0.html"/>
        <package md5sum="064e272e3e3283134b44df8eb768dd71" filename="voice-upmc-pierre-hsmm-5.1.zip" size="1557436">
            <location folder="true" href="http://mary.dfki.de/download/5.1/"/>
        </package>
        <depends language="fr" version="5.1"/>
    </voice>
    <voice locale="it" name="istc-lucia-hsmm" gender="female" type="hsmm" version="5.1">
        <description>Italian female Hidden semi-Markov model voice kindly made available by Fabio Tesser</description>
        <license href="http://mary.dfki.de/download/by-nd-3.0.html"/>
        <package md5sum="68258f5b94c596ac961e9bc45be0e521" filename="voice-istc-lucia-hsmm-5.1.zip" size="1466943">
            <location folder="true" href="http://mary.dfki.de/download/5.1/"/>
        </package>
        <depends language="it" version="5.1"/>
    </voice>
    <voice locale="ru" name="voxforge-ru-nsh" gender="male" type="unit selection" version="5.1">
        <description>Russian male voice kindly made available by Nickolay V. Shmyrev</description>
        <license href="http://mary.dfki.de/download/by-nd-3.0.html"/>
        <package md5sum="b0ec23e41a2e9c2485b55e640ef32fb3" filename="voice-voxforge-ru-nsh-5.1.zip" size="175120753">
            <location folder="true" href="http://mary.dfki.de/download/5.1/"/>
        </package>
        <depends language="ru" version="5.1"/>
    </voice>
    <voice locale="te" name="cmu-nk" gender="female" type="unit selection" version="5.1">
        <description>A female Telugu unit selection voice built from voice recordings provided by IIIT Hyderabad and Carnegie Mellon University</description>
        <license href="http://mary.dfki.de/download/by-nd-3.0.html"/>
        <package md5sum="2fb7b6b6c9e9eb12ea2ebcba4f356505" filename="voice-cmu-nk-5.1.zip" size="495885808">
            <location folder="true" href="http://mary.dfki.de/download/5.1/"/>
        </package>
        <depends language="te" version="5.1"/>
    </voice>
    <voice locale="te" name="cmu-nk-hsmm" gender="female" type="hsmm" version="5.1">
        <description>A female Telugu hidden semi-Markov model voice built from voice recordings provided by IIIT Hyderabad and Carnegie Mellon University</description>
        <license href="http://mary.dfki.de/download/by-nd-3.0.html"/>
        <package md5sum="8dd7545a096dd87275b51028bc7623c3" filename="voice-cmu-nk-hsmm-5.1.zip" size="3397557">
            <location folder="true" href="http://mary.dfki.de/download/5.1/"/>
        </package>
        <depends language="te" version="5.1"/>
    </voice>
    <voice locale="tr" name="dfki-ot" gender="male" type="unit selection" version="5.1">
        <description>A male Turkish unit selection voice</description>
        <license href="http://mary.dfki.de/download/by-nd-3.0.html"/>
        <package md5sum="c9940e0a58578fc02113b61ac86a6ebf" filename="voice-dfki-ot-5.1.zip" size="157783972">
            <location folder="true" href="http://mary.dfki.de/download/5.1/"/>
        </package>
        <depends language="tr" version="5.1"/>
    </voice>
    <voice locale="tr" name="dfki-ot-hsmm" gender="male" type="hsmm" version="5.1">
        <description>A male Turkish hidden semi-Markov model voice</description>
        <license href="http://mary.dfki.de/download/by-nd-3.0.html"/>
        <package md5sum="211f3d322f19295b5a7671020d76552e" filename="voice-dfki-ot-hsmm-5.1.zip" size="1366536">
            <location folder="true" href="http://mary.dfki.de/download/5.1/"/>
        </package>
        <depends language="tr" version="5.1"/>
    </voice>
</marytts-install>
