<?xml version="1.0" encoding="ISO-8859-1"?>
<!--
Copyright 2000-2006 DFKI GmbH.
All Rights Reserved.  Use is subject to license terms.

Permission is hereby granted, free of charge, to use and distribute
this software and its documentation without restriction, including
without limitation the rights to use, copy, modify, merge, publish,
distribute, sublicense, and/or sell copies of this work, and to
permit persons to whom this work is furnished to do so, subject to
the following conditions:

1. The code must retain the above copyright notice, this list of
   conditions and the following disclaimer.
2. Any modifications must be clearly marked as such.
3. Original authors' names are not deleted.
4. The authors' names are not used to endorse or promote products
   derived from this software without specific prior written
   permission.

DFKI GMBH AND THE CONTRIBUTORS TO THIS WORK DISCLAIM ALL WARRANTIES WITH
REGARD TO THIS SOFTWARE, INCLUDING ALL IMPLIED WARRANTIES OF
MERCHANTABILITY AND FITNESS, IN NO EVENT SHALL DFKI GMBH NOR THE
CONTRIBUTORS BE LIABLE FOR ANY SPECIAL, INDIRECT OR CONSEQUENTIAL
DAMAGES OR ANY DAMAGES WHATSOEVER RESULTING FROM LOSS OF USE, DATA OR
PROFITS, WHETHER IN AN ACTION OF CONTRACT, NEGLIGENCE OR OTHER TORTIOUS
ACTION, ARISING OUT OF OR IN CONNECTION WITH THE USE OR PERFORMANCE OF
THIS SOFTWARE.
-->
<!-- This file contains the parameters to the rules for the realisation of
 ToBI accent and boundary tones, as used in
 the CAP module of the Mary Text-to-Speech Synthesis system.

 Author: Marc Schr�der.

 The parameters are read at program start. Their meaning is described in
 the accompanying comments.
 For a description of the tobi rules, see
 mary/doc/ToBItone-rules.txt

 Syntax of this file:
 This is an XML file.
 Accents and boundaries are defined as a set of target points,
 some of which are conditional.
 Each target point is defined by its type, an f0 specification,
 and a code specifying the position of the time axis.

 a) Types of targetpoints:
  begin    the very first, default target in a declination phrase
  interpol relatively unimportant target needed for interpolation
  plus     the weaker part of a composed accent (the l in l+h*)
  star     the important part of an accent (the h in l+h*)
  boundary non-final, but important target in boundary tone
  final    the very last target in a boundary tone

 b) Generally, f0-axis values (describing the fundamental frequency)
 are in o/oo, where 0 is the baseline and 1000 is the topline.
 If the value of the f0 attribute is not numerical, it is an exceptional way
 to specify f0:
  last_H_freq same *frequency* value as the preceding target on the topline.

 c) t values (position on the time axis) are coded in the following way:
   0 start of this declination phrase
  11 start of the preceding syllable
  12 start of the nucleus of the preceding syllable
  21 start of this syllable
  22 start of the nucleus of this syllable
  23 middle of the nucleus of this syllable
  24 end of the nucleus of this syllable
  25 end of this syllable
  34 end of the nucleus of the following syllable
 and some more specific ones:
  99 middle of the nucleus of the syllable after the (syllable associated
     with) the previous tone
  98 middle of the nucleus of the first 1ary or 2ary stressed syllable after
     the syllable after the (syllable associated with) the previous tone
     (i.e., skip one syllable and then search for a stressed syllable)

-->

<tobitone-params>

<tone name="H">
  <target f0="1000" t_code="23"/>
</tone>

<tone name="L">
  <target f0="0" t_code="23"/>
</tone>

<tone name="high">
  <target f0="1000" t_code="23"/>
</tone>

<tone name="low">
  <target f0="0" t_code="23"/>
</tone>

<tone name="middle">
  <target f0="500" t_code="23"/>
</tone>

<tone name="high_falling">
  <target f0="1000" t_code="22"/>
  <target f0="500" t_code="24"/>
</tone>

<tone name="low_falling">
  <target f0="0" t_code="22"/>
  <target f0="-200" t_code="24"/>
</tone>


</tobitone-params>



