<allophones name="sampa" xml:lang="tib"
		features="vlng vheight vfront vrnd ctype cplace casp">
	<silence ph="_"/>

	<vowel ph="@" vlng="a" vheight="2" vfront="2" vrnd="-"/>
	<vowel ph="@:" vlng="l" vheight="2" vfront="2" vrnd="-"/>
	<vowel ph="i" vlng="s" vheight="1" vfront="1" vrnd="-"/>
	<vowel ph="i:" vlng="l" vheight="1" vfront="1" vrnd="-"/>
	<vowel ph="y:" vlng="l" vheight="1" vfront="2" vrnd="+"/>
	<vowel ph="y" vlng="s" vheight="1" vfront="2" vrnd="+"/>
	<vowel ph="e:" vlng="l" vheight="2" vfront="1" vrnd="-"/>
	<vowel ph="e" vlng="s" vheight="2" vfront="1" vrnd="-"/>
	<vowel ph="E:" vlng="l" vheight="2" vfront="1" vrnd="-"/>
	<vowel ph="E" vlng="s" vheight="2" vfront="1" vrnd="-"/>
	<vowel ph="2:" vlng="l" vheight="2" vfront="2" vrnd="+"/>
	<vowel ph="2" vlng="s" vheight="2" vfront="2" vrnd="+"/>
	<vowel ph="u:" vlng="l" vheight="1" vfront="3" vrnd="+"/>
	<vowel ph="u" vlng="s" vheight="1" vfront="3" vrnd="+"/>
	<vowel ph="o:" vlng="l" vheight="2" vfront="3" vrnd="+"/>
	<vowel ph="o" vlng="s" vheight="2" vfront="3" vrnd="+"/>
	<vowel ph="O:" vlng="l" vheight="2" vfront="3" vrnd="+"/>
	<vowel ph="O" vlng="s" vheight="2" vfront="3" vrnd="+"/>
	<vowel ph="a:" vlng="l" vheight="3" vfront="2" vrnd="-"/>
	<vowel ph="a" vlng="s" vheight="3" vfront="2" vrnd="-"/>

	<vowel ph="i~" vlng="s" vheight="1" vfront="1" vrnd="-" ctype="n"/>
	<vowel ph="y~" vlng="s" vheight="1" vfront="2" vrnd="+" ctype="n"/>
	<vowel ph="e~" vlng="s" vheight="2" vfront="1" vrnd="-" ctype="n"/>
	<vowel ph="E~" vlng="s" vheight="2" vfront="1" vrnd="-" ctype="n"/>
	<vowel ph="2~" vlng="s" vheight="2" vfront="2" vrnd="+" ctype="n"/>
	<vowel ph="u~" vlng="s" vheight="1" vfront="3" vrnd="+" ctype="n"/>
	<vowel ph="o~" vlng="s" vheight="2" vfront="3" vrnd="+" ctype="n"/>
	<vowel ph="O~" vlng="s" vheight="2" vfront="3" vrnd="+" ctype="n"/>
	<vowel ph="a~" vlng="s" vheight="3" vfront="2" vrnd="-" ctype="n"/>


	<consonant ph="p" ctype="s" cplace="l" casp="-"/>
	<consonant ph="p_h" ctype="s" cplace="l" casp="+"/>
	<consonant ph="t" ctype="s" cplace="a" casp="-"/>
	<consonant ph="t_h" ctype="s" cplace="a" casp="-"/>
	<consonant ph="k" ctype="s" cplace="v" casp="-"/>
	<consonant ph="k_h" ctype="s" cplace="v" casp="+"/>

	<consonant ph="S" ctype="f" cplace="p" casp="-"/>
	<consonant ph="s" ctype="f" cplace="a" casp="-"/>
	<consonant ph="h" ctype="f" cplace="g" casp="-"/>

	<consonant ph="tS" ctype="a" cplace="p" casp="-"/>
	<consonant ph="tS_h" ctype="a" cplace="p" casp="+"/>
	<consonant ph="ts" ctype="a" cplace="a" casp="-"/>
	<consonant ph="ts_h" ctype="a" cplace="a" casp="+"/>

	<consonant ph="m" ctype="n" cplace="l" casp="-"/>
	<consonant ph="n" ctype="n" cplace="a" casp="-"/>
	<consonant ph="N" ctype="n" cplace="v" casp="-"/>
	<consonant ph="J" ctype="n" cplace="p" casp="-"/>

	<consonant ph="l" ctype="l" cplace="a" casp="-"/>
	<consonant ph="r" ctype="r" cplace="a" casp="-"/>

	<consonant ph="w" ctype="r" cplace="l" casp="-"/>
	<consonant ph="j" ctype="r" cplace="p" casp="-"/>
	
	<consonant ph="?" ctype="s" cplace="g" casp="-"/>

</allophones>
