<component xmlns="http://maven.apache.org/plugins/maven-assembly-plugin/component/1.1.2" xmlns:xsi="http://www.w3.org/2001/XMLSchema-instance"
  xsi:schemaLocation="http://maven.apache.org/plugins/maven-assembly-plugin/component/1.1.2 http://maven.apache.org/xsd/component-1.1.2.xsd">
  
  <fileSets>
    <!-- Files from the parent project -->
    <fileSet>
      <directory>${project.basedir}/../..</directory>
      <outputDirectory>/</outputDirectory>
      <includes>
        <include>LICENSE*</include>
        <include>gpl-3.0.txt</include>
        <include>lgpl-3.0.txt</include>
        <include>lib/voices/**/*</include>
        <include>user-dictionaries/*</include>
        <include>download/marytts-components.xml</include>
      </includes>
    </fileSet>
    <!-- General, non-executable, non-filtered files for release -->
    <fileSet>
      <directory>src/runtime</directory>
      <outputDirectory>/</outputDirectory>
      <includes>
        <include>README*</include>
        <include>doc/examples/**/*</include>
      </includes>
    </fileSet>
        
    <!-- Executable scripts: -->
    <fileSet>
      <directory>src/runtime</directory>
      <outputDirectory>/</outputDirectory>
      <includes>
        <include>bin/*</include>
      </includes>
      <fileMode>0755</fileMode>
      <filtered>true</filtered>
    </fileSet>
  </fileSets>

    <!-- Install files for the language components, needed for component installer -->
    <files>
      <file>
        <source>src/runtime/installed/marytts-lang-de-component.xml</source>
		<outputDirectory>/</outputDirectory>
		<destName>installed/marytts-lang-de-${project.version}-component.xml</destName>
		<filtered>true</filtered>
      </file>
      <file>
        <source>src/runtime/installed/marytts-lang-en-GB-component.xml</source>
		<outputDirectory>/</outputDirectory>
		<destName>installed/marytts-lang-en-GB-${project.version}-component.xml</destName>
		<filtered>true</filtered>
      </file>
      <file>
        <source>src/runtime/installed/marytts-lang-en-US-component.xml</source>
		<outputDirectory>/</outputDirectory>
		<destName>installed/marytts-lang-en-US-${project.version}-component.xml</destName>
		<filtered>true</filtered>
      </file>
      <file>
        <source>src/runtime/installed/marytts-lang-fr-component.xml</source>
		<outputDirectory>/</outputDirectory>
		<destName>installed/marytts-lang-fr-${project.version}-component.xml</destName>
		<filtered>true</filtered>
      </file>
      <file>
        <source>src/runtime/installed/marytts-lang-it-component.xml</source>
		<outputDirectory>/</outputDirectory>
		<destName>installed/marytts-lang-it-${project.version}-component.xml</destName>
		<filtered>true</filtered>
      </file>
      <file>
        <source>src/runtime/installed/marytts-lang-ru-component.xml</source>
		<outputDirectory>/</outputDirectory>
		<destName>installed/marytts-lang-ru-${project.version}-component.xml</destName>
		<filtered>true</filtered>
      </file>
      <file>
        <source>src/runtime/installed/marytts-lang-sv-component.xml</source>
		<outputDirectory>/</outputDirectory>
		<destName>installed/marytts-lang-sv-${project.version}-component.xml</destName>
		<filtered>true</filtered>
      </file>
      <file>
        <source>src/runtime/installed/marytts-lang-te-component.xml</source>
		<outputDirectory>/</outputDirectory>
		<destName>installed/marytts-lang-te-${project.version}-component.xml</destName>
		<filtered>true</filtered>
      </file>
      <file>
        <source>src/runtime/installed/marytts-lang-tr-component.xml</source>
		<outputDirectory>/</outputDirectory>
		<destName>installed/marytts-lang-tr-${project.version}-component.xml</destName>
		<filtered>true</filtered>
      </file>
    </files>

  <dependencySets><!-- Copy over jar files -->
    <dependencySet>
      <useProjectArtifact>false</useProjectArtifact>
      <outputDirectory>/lib</outputDirectory>
      <unpack>false</unpack>
      <scope>runtime</scope>
      <includes>
        <include>${project.groupId}:marytts-runtime:jar:jar-with-dependencies</include>
        <include>${project.groupId}:marytts-client:jar:jar-with-dependencies</include>
        <include>${project.groupId}:marytts-lang-*:jar</include>
        <include>${project.groupId}:voice-*:jar</include>
      </includes>
    </dependencySet>
    <dependencySet>
      <useProjectArtifact>false</useProjectArtifact>
      <outputDirectory>/installed</outputDirectory>
      <scope>runtime</scope>
      <includes>
        <include>${project.groupId}:voice-*:xml:component</include>
      </includes>
    </dependencySet>
  </dependencySets>
</component>
