<assembly xmlns="http://maven.apache.org/plugins/maven-assembly-plugin/assembly/1.1.0" 
  xmlns:xsi="http://www.w3.org/2001/XMLSchema-instance"
  xsi:schemaLocation="http://maven.apache.org/plugins/maven-assembly-plugin/assembly/1.1.0 http://maven.apache.org/xsd/assembly-1.1.0.xsd">
  <id>runtime-dir</id>
  <formats>
    <format>dir</format>
  </formats>
  
  <includeBaseDirectory>false</includeBaseDirectory>

  <componentDescriptors>
    <componentDescriptor>src/main/descriptors/runtime.xml</componentDescriptor>
  </componentDescriptors>
</assembly>
