<assembly xmlns="http://maven.apache.org/plugins/maven-assembly-plugin/assembly/1.1.0" 
  xmlns:xsi="http://www.w3.org/2001/XMLSchema-instance"
  xsi:schemaLocation="http://maven.apache.org/plugins/maven-assembly-plugin/assembly/1.1.0 http://maven.apache.org/xsd/assembly-1.1.0.xsd">
  <id>builder-pkg</id>
  <formats>
    <format>zip</format>
  </formats>
  
  <includeBaseDirectory>true</includeBaseDirectory>
  <baseDirectory>${project.parent.artifactId}-builder-${project.parent.version}</baseDirectory>
  
  <componentDescriptors>
    <componentDescriptor>src/main/descriptors/builder.xml</componentDescriptor>
  </componentDescriptors>
</assembly>
